Date,Open,High,Low,Close,Volume,Adusted Close
1993-02-28,10.0,10.0,10.0,10.0,0.0,
1993-03-07,9.95,9.95,9.95,9.95,0.0,
1993-03-14,10.0,10.0,10.0,10.0,0.0,
1993-03-21,9.96,9.96,9.96,9.96,0.0,
1993-03-28,9.91,9.91,9.91,9.91,0.0,
1993-04-04,9.87,9.87,9.87,9.87,0.0,
1993-04-11,9.81,9.81,9.81,9.81,0.0,
1993-04-18,9.95,9.95,9.95,9.95,0.0,
1993-04-25,9.77,9.77,9.77,9.77,0.0,
1993-05-02,9.71,9.71,9.71,9.71,0.0,
1993-05-09,9.83,9.83,9.83,9.83,0.0,
1993-05-16,9.85,9.85,9.85,9.85,0.0,
1993-05-23,9.9,9.9,9.9,9.9,0.0,
1993-05-30,9.97,9.97,9.97,9.97,0.0,
1993-06-06,10.01,10.01,10.01,10.01,0.0,
1993-06-13,9.94,9.94,9.94,9.94,0.0,
1993-06-20,9.9,9.9,9.9,9.9,0.0,
1993-06-27,9.87,9.87,9.87,9.87,0.0,
1993-07-04,10.03,10.03,10.03,10.03,0.0,
1993-07-11,10.16,10.16,10.16,10.16,0.0,
1993-07-18,10.28,10.28,10.28,10.28,0.0,
1993-07-25,10.23,10.23,10.23,10.23,0.0,
1993-08-01,10.27,10.27,10.27,10.27,0.0,
1993-08-08,10.35,10.35,10.35,10.35,0.0,
1993-08-15,10.4,10.4,10.4,10.4,0.0,
1993-08-22,10.46,10.46,10.46,10.46,0.0,
1993-08-29,10.53,10.53,10.53,10.53,0.0,
1993-09-05,10.7,10.7,10.7,10.7,0.0,
1993-09-12,10.66,10.66,10.66,10.66,0.0,
1993-09-19,10.67,10.67,10.67,10.67,0.0,
1993-09-26,10.78,10.78,10.78,10.78,0.0,
1993-10-03,10.99,10.99,10.99,10.99,0.0,
1993-10-10,11.06,11.06,11.06,11.06,0.0,
1993-10-17,11.25,11.25,11.25,11.25,0.0,
1993-10-24,11.23,11.23,11.23,11.23,0.0,
1993-10-31,11.34,11.34,11.34,11.34,0.0,
1993-11-07,11.06,11.06,11.06,11.06,0.0,
1993-11-14,11.29,11.29,11.29,11.29,0.0,
1993-11-21,11.03,11.03,11.03,11.03,0.0,
1993-11-28,11.01,11.01,11.01,11.01,0.0,
1993-12-05,11.13,11.13,11.13,11.13,0.0,
1993-12-12,11.08,11.08,11.08,11.08,0.0,
1993-12-19,11.03,11.03,11.03,11.03,0.0,
1993-12-26,11.01,11.01,11.01,11.01,0.0,
1994-01-02,11.23,11.23,11.23,11.23,0.0,
1994-01-09,11.38,11.38,11.38,11.38,0.0,
1994-01-16,11.54,11.54,11.54,11.54,0.0,
1994-01-23,11.69,11.69,11.69,11.69,0.0,
1994-01-30,11.74,11.74,11.74,11.74,0.0,
1994-02-06,11.67,11.67,11.67,11.67,0.0,
1994-02-13,11.73,11.73,11.73,11.73,0.0,
1994-02-20,11.76,11.76,11.76,11.76,0.0,
1994-02-27,11.7,11.7,11.7,11.7,0.0,
1994-03-06,11.7,11.7,11.7,11.7,0.0,
1994-03-13,11.8,11.8,11.8,11.8,0.0,
1994-03-20,12.0,12.0,12.0,12.0,0.0,
1994-03-27,11.96,11.96,11.96,11.96,0.0,
1994-04-03,11.38,11.38,11.38,11.38,0.0,
1994-04-10,11.47,11.47,11.47,11.47,0.0,
1994-04-17,11.41,11.41,11.41,11.41,0.0,
1994-04-24,11.29,11.29,11.29,11.29,0.0,
1994-05-01,11.46,11.46,11.46,11.46,0.0,
1994-05-08,11.5,11.5,11.5,11.5,0.0,
1994-05-15,11.37,11.37,11.37,11.37,0.0,
1994-05-22,11.45,11.45,11.45,11.45,0.0,
1994-05-29,11.51,11.51,11.51,11.51,0.0,
1994-06-05,11.58,11.58,11.58,11.58,0.0,
1994-06-12,11.63,11.63,11.63,11.63,0.0,
1994-06-19,11.66,11.66,11.66,11.66,0.0,
1994-06-26,11.3,11.3,11.3,11.3,0.0,
1994-07-03,11.33,11.33,11.33,11.33,0.0,
1994-07-10,11.34,11.34,11.34,11.34,0.0,
1994-07-17,11.47,11.47,11.47,11.47,0.0,
1994-07-24,11.44,11.44,11.44,11.44,0.0,
1994-07-31,11.47,11.47,11.47,11.47,0.0,
1994-08-07,11.5,11.5,11.5,11.5,0.0,
1994-08-14,11.56,11.56,11.56,11.56,0.0,
1994-08-21,11.64,11.64,11.64,11.64,0.0,
1994-08-28,11.77,11.77,11.77,11.77,0.0,
1994-09-04,11.86,11.86,11.86,11.86,0.0,
1994-09-11,11.88,11.88,11.88,11.88,0.0,
1994-09-18,12.01,12.01,12.01,12.01,0.0,
1994-09-25,11.82,11.82,11.82,11.82,0.0,
1994-10-02,11.82,11.82,11.82,11.82,0.0,
1994-10-09,11.61,11.61,11.61,11.61,0.0,
1994-10-16,11.71,11.71,11.71,11.71,0.0,
1994-10-23,11.69,11.69,11.69,11.69,0.0,
1994-10-30,11.65,11.65,11.65,11.65,0.0,
1994-11-06,11.57,11.57,11.57,11.57,0.0,
1994-11-13,11.45,11.45,11.45,11.45,0.0,
1994-11-20,11.39,11.39,11.39,11.39,0.0,
1994-11-27,11.17,11.17,11.17,11.17,0.0,
1994-12-04,11.07,11.07,11.07,11.07,0.0,
1994-12-11,10.76,10.76,10.76,10.76,0.0,
1994-12-18,10.97,10.97,10.97,10.97,0.0,
1994-12-25,11.09,11.09,11.09,11.09,0.0,
1995-01-01,11.23,11.23,11.23,11.23,0.0,
1995-01-08,11.29,11.29,11.29,11.29,0.0,
1995-01-15,11.38,11.38,11.38,11.38,0.0,
1995-01-22,11.36,11.36,11.36,11.36,0.0,
1995-01-29,11.38,11.38,11.38,11.38,0.0,
1995-02-05,11.46,11.46,11.46,11.46,0.0,
1995-02-12,11.64,11.64,11.64,11.64,0.0,
1995-02-19,11.64,11.64,11.64,11.64,0.0,
1995-02-26,11.72,11.72,11.72,11.72,0.0,
1995-03-05,11.75,11.75,11.75,11.75,0.0,
1995-03-12,11.67,11.67,11.67,11.67,0.0,
1995-03-19,11.72,11.72,11.72,11.72,0.0,
1995-03-26,11.73,11.73,11.73,11.73,0.0,
1995-04-02,11.88,11.88,11.88,11.88,0.0,
1995-04-09,11.99,11.99,11.99,11.99,0.0,
1995-04-16,12.12,12.12,12.12,12.12,0.0,
1995-04-23,12.14,12.14,12.14,12.14,0.0,
1995-04-30,12.3,12.3,12.3,12.3,0.0,
1995-05-07,12.28,12.28,12.28,12.28,0.0,
1995-05-14,12.53,12.53,12.53,12.53,0.0,
1995-05-21,12.56,12.56,12.56,12.56,0.0,
1995-05-28,12.65,12.65,12.65,12.65,0.0,
1995-06-04,12.73,12.73,12.73,12.73,0.0,
1995-06-11,12.84,12.84,12.84,12.84,0.0,
1995-06-18,13.05,13.05,13.05,13.05,0.0,
1995-06-25,13.11,13.11,13.11,13.11,0.0,
1995-07-02,13.14,13.14,13.14,13.14,0.0,
1995-07-09,13.42,13.42,13.42,13.42,0.0,
1995-07-16,13.67,13.67,13.67,13.67,0.0,
1995-07-23,13.54,13.54,13.54,13.54,0.0,
1995-07-30,13.82,13.82,13.82,13.82,0.0,
1995-08-06,13.83,13.83,13.83,13.83,0.0,
1995-08-13,13.92,13.92,13.92,13.92,0.0,
1995-08-20,14.16,14.16,14.16,14.16,0.0,
1995-08-27,14.19,14.19,14.19,14.19,0.0,
1995-09-03,14.33,14.33,14.33,14.33,0.0,
1995-09-10,14.64,14.64,14.64,14.64,0.0,
1995-09-17,14.66,14.66,14.66,14.66,0.0,
1995-09-24,14.52,14.52,14.52,14.52,0.0,
1995-10-01,14.47,14.47,14.47,14.47,0.0,
1995-10-08,14.19,14.19,14.19,14.19,0.0,
1995-10-15,14.16,14.16,14.16,14.16,0.0,
1995-10-22,14.1,14.1,14.1,14.1,0.0,
1995-10-29,13.73,13.73,13.73,13.73,0.0,
1995-11-05,14.0,14.0,14.0,14.0,0.0,
1995-11-12,14.11,14.11,14.11,14.11,0.0,
1995-11-19,14.14,14.14,14.14,14.14,0.0,
1995-11-26,14.15,14.15,14.15,14.15,0.0,
1995-12-03,14.09,14.09,14.09,14.09,0.0,
1995-12-10,14.19,14.19,14.19,14.19,0.0,
1995-12-17,14.15,14.15,14.15,14.15,0.0,
1995-12-24,14.18,14.18,14.18,14.18,0.0,
1995-12-31,14.21,14.21,14.21,14.21,0.0,
1996-01-07,14.14,14.14,14.14,14.14,0.0,
1996-01-14,13.92,13.92,13.92,13.92,0.0,
1996-01-21,13.85,13.85,13.85,13.85,0.0,
1996-01-28,14.02,14.02,14.02,14.02,0.0,
1996-02-04,14.21,14.21,14.21,14.21,0.0,
1996-02-11,14.36,14.36,14.36,14.36,0.0,
1996-02-18,14.38,14.38,14.38,14.38,0.0,
1996-02-25,14.48,14.48,14.48,14.48,0.0,
1996-03-03,14.49,14.49,14.49,14.49,0.0,
1996-03-10,14.32,14.32,14.32,14.32,0.0,
1996-03-17,14.58,14.58,14.58,14.58,0.0,
1996-03-24,14.74,14.74,14.74,14.74,0.0,
1996-03-31,14.87,14.87,14.87,14.87,0.0,
1996-04-07,15.06,15.06,15.06,15.06,0.0,
1996-04-14,15.03,15.03,15.03,15.03,0.0,
1996-04-21,15.28,15.28,15.28,15.28,0.0,
1996-04-28,15.57,15.57,15.57,15.57,0.0,
1996-05-05,15.65,15.65,15.65,15.65,0.0,
1996-05-12,15.78,15.78,15.78,15.78,0.0,
1996-05-19,16.13,16.13,16.13,16.13,0.0,
1996-05-26,16.3,16.3,16.3,16.3,0.0,
1996-06-02,16.25,16.25,16.25,16.25,0.0,
1996-06-09,16.22,16.22,16.22,16.22,0.0,
1996-06-16,16.17,16.17,16.17,16.17,0.0,
1996-06-23,15.88,15.88,15.88,15.88,0.0,
1996-06-30,15.91,15.91,15.91,15.91,0.0,
1996-07-07,15.81,15.81,15.81,15.81,0.0,
1996-07-14,15.24,15.24,15.24,15.24,0.0,
1996-07-21,15.11,15.11,15.11,15.11,0.0,
1996-07-28,14.83,14.83,14.83,14.83,0.0,
1996-08-04,15.17,15.17,15.17,15.17,0.0,
1996-08-11,15.28,15.28,15.28,15.28,0.0,
1996-08-18,15.41,15.41,15.41,15.41,0.0,
1996-08-25,15.52,15.52,15.52,15.52,0.0,
1996-09-01,15.6,15.6,15.6,15.6,0.0,
1996-09-08,15.72,15.72,15.72,15.72,0.0,
1996-09-15,15.92,15.92,15.92,15.92,0.0,
1996-09-22,15.98,15.98,15.98,15.98,0.0,
1996-09-29,16.07,16.07,16.07,16.07,0.0,
1996-10-06,16.25,16.25,16.25,16.25,0.0,
1996-10-13,16.27,16.27,16.27,16.27,0.0,
1996-10-20,16.35,16.35,16.35,16.35,0.0,
1996-10-27,16.32,16.32,16.32,16.32,0.0,
1996-11-03,16.21,16.21,16.21,16.21,0.0,
1996-11-10,16.42,16.42,16.42,16.42,0.0,
1996-11-17,16.55,16.55,16.55,16.55,0.0,
1996-11-24,16.8,16.8,16.8,16.8,0.0,
1996-12-01,17.01,17.01,17.01,17.01,0.0,
1996-12-08,17.05,17.05,17.05,17.05,0.0,
1996-12-15,17.1,17.1,17.1,17.1,0.0,
1996-12-22,17.27,17.27,17.27,17.27,0.0,
1996-12-29,16.86,16.86,16.86,16.86,0.0,
1997-01-05,16.97,16.97,16.97,16.97,0.0,
1997-01-12,17.17,17.17,17.17,17.17,0.0,
1997-01-19,17.29,17.29,17.29,17.29,0.0,
1997-01-26,17.26,17.26,17.26,17.26,0.0,
1997-02-02,17.34,17.34,17.34,17.34,0.0,
1997-02-09,17.28,17.28,17.28,17.28,0.0,
1997-02-16,17.44,17.44,17.44,17.44,0.0,
1997-02-23,17.44,17.44,17.44,17.44,0.0,
1997-03-02,17.34,17.34,17.34,17.34,0.0,
1997-03-09,17.55,17.55,17.55,17.55,0.0,
1997-03-16,17.44,17.44,17.44,17.44,0.0,
1997-03-23,17.18,17.18,17.18,17.18,0.0,
1997-03-30,17.07,17.07,17.07,17.07,0.0,
1997-04-06,16.74,16.74,16.74,16.74,0.0,
1997-04-13,16.74,16.74,16.74,16.74,0.0,
1997-04-20,16.86,16.86,16.86,16.86,0.0,
1997-04-27,16.58,16.58,16.58,16.58,0.0,
1997-05-04,17.25,17.25,17.25,17.25,0.0,
1997-05-11,17.57,17.57,17.57,17.57,0.0,
1997-05-18,17.76,17.76,17.76,17.76,0.0,
1997-05-25,18.18,18.18,18.18,18.18,0.0,
1997-06-01,18.4,18.4,18.4,18.4,0.0,
1997-06-08,18.68,18.68,18.68,18.68,0.0,
1997-06-15,19.1,19.1,19.1,19.1,0.0,
1997-06-22,19.24,19.24,19.24,19.24,0.0,
1997-06-29,19.39,19.39,19.39,19.39,0.0,
1997-07-06,19.7,19.7,19.7,19.7,0.0,
1997-07-13,19.94,19.94,19.94,19.94,0.0,
1997-07-20,20.13,20.13,20.13,20.13,0.0,
1997-07-27,20.35,20.35,20.35,20.35,0.0,
1997-08-03,20.7,20.7,20.7,20.7,0.0,
1997-08-10,20.82,20.82,20.82,20.82,0.0,
1997-08-17,20.69,20.69,20.69,20.69,0.0,
1997-08-24,20.93,20.93,20.93,20.93,0.0,
1997-08-31,21.45,21.45,21.45,21.45,0.0,
1997-09-07,21.98,21.98,21.98,21.98,0.0,
1997-09-14,22.47,22.47,22.47,22.47,0.0,
1997-09-21,22.73,22.73,22.73,22.73,0.0,
1997-09-28,22.96,22.96,22.96,22.96,0.0,
1997-10-05,23.4,23.4,23.4,23.4,0.0,
1997-10-12,23.62,23.62,23.62,23.62,0.0,
1997-10-19,23.03,23.03,23.03,23.03,0.0,
1997-10-26,23.01,23.01,23.01,23.01,0.0,
1997-11-02,22.28,22.28,22.28,22.28,0.0,
1997-11-09,22.38,22.38,22.38,22.38,0.0,
1997-11-16,22.06,22.06,22.06,22.06,0.0,
1997-11-23,22.29,22.29,22.29,22.29,0.0,
1997-11-30,22.09,22.09,22.09,22.09,0.0,
1997-12-07,22.31,22.31,22.31,22.31,0.0,
1997-12-14,21.74,21.74,21.74,21.74,0.0,
1997-12-21,21.47,21.47,21.47,21.47,0.0,
1997-12-28,20.49,20.49,20.49,20.49,0.0,
1998-01-04,21.13,21.13,21.13,21.13,0.0,
1998-01-11,20.23,20.23,20.23,20.23,0.0,
1998-01-18,20.68,20.68,20.68,20.68,0.0,
1998-01-25,20.59,20.59,20.59,20.59,0.0,
1998-02-01,20.81,20.81,20.81,20.81,0.0,
1998-02-08,21.42,21.42,21.42,21.42,0.0,
1998-02-15,21.85,21.85,21.85,21.85,0.0,
1998-02-22,21.98,21.98,21.98,21.98,0.0,
1998-03-01,22.38,22.38,22.38,22.38,0.0,
1998-03-08,22.57,22.57,22.57,22.57,0.0,
1998-03-15,22.82,22.82,22.82,22.82,0.0,
1998-03-22,23.08,23.08,23.08,23.08,0.0,
1998-03-29,23.21,23.21,23.21,23.21,0.0,
1998-04-05,23.5,23.5,23.5,23.5,0.0,
1998-04-12,23.45,23.45,23.45,23.45,0.0,
1998-04-19,23.84,23.84,23.84,23.84,0.0,
1998-04-26,23.74,23.74,23.74,23.74,0.0,
1998-05-03,23.83,23.83,23.83,23.83,0.0,
1998-05-10,23.68,23.68,23.68,23.68,0.0,
1998-05-17,23.49,23.49,23.49,23.49,0.0,
1998-05-24,23.15,23.15,23.15,23.15,0.0,
1998-05-31,22.83,22.83,22.83,22.83,0.0,
1998-06-07,22.69,22.69,22.69,22.69,0.0,
1998-06-14,22.03,22.03,22.03,22.03,0.0,
1998-06-21,21.84,21.84,21.84,21.84,0.0,
1998-06-28,22.23,22.23,22.23,22.23,0.0,
1998-07-05,22.52,22.52,22.52,22.52,0.0,
1998-07-12,22.55,22.55,22.55,22.55,0.0,
1998-07-19,22.57,22.57,22.57,22.57,0.0,
1998-07-26,21.56,21.56,21.56,21.56,0.0,
1998-08-02,20.73,20.73,20.73,20.73,0.0,
1998-08-09,20.6,20.6,20.6,20.6,0.0,
1998-08-16,20.18,20.18,20.18,20.18,0.0,
1998-08-23,19.68,19.68,19.68,19.68,0.0,
1998-08-30,17.88,17.88,17.88,17.88,0.0,
1998-09-06,17.14,17.14,17.14,17.14,0.0,
1998-09-13,17.29,17.29,17.29,17.29,0.0,
1998-09-20,17.62,17.62,17.62,17.62,0.0,
1998-09-27,17.68,17.68,17.68,17.68,0.0,
1998-10-04,16.96,16.96,16.96,16.96,0.0,
1998-10-11,15.49,15.49,15.49,15.49,0.0,
1998-10-18,16.32,16.32,16.32,16.32,0.0,
1998-10-25,17.61,17.61,17.61,17.61,0.0,
1998-11-01,18.13,18.13,18.13,18.13,0.0,
1998-11-08,19.2,19.2,19.2,19.2,0.0,
1998-11-15,18.83,18.83,18.83,18.83,0.0,
1998-11-22,18.94,18.94,18.94,18.94,0.0,
1998-11-29,19.22,19.22,19.22,19.22,0.0,
1998-12-06,19.06,19.06,19.06,19.06,0.0,
1998-12-13,18.76,18.76,18.76,18.76,0.0,
1998-12-20,18.62,18.62,18.62,18.62,0.0,
1998-12-27,17.29,17.29,17.29,17.29,0.0,
1999-01-03,17.93,17.93,17.93,17.93,0.0,
1999-01-10,18.59,18.59,18.59,18.59,0.0,
1999-01-17,18.45,18.45,18.45,18.45,0.0,
1999-01-24,18.27,18.27,18.27,18.27,0.0,
1999-01-31,18.21,18.21,18.21,18.21,0.0,
1999-02-07,17.71,17.71,17.71,17.71,0.0,
1999-02-14,17.16,17.16,17.16,17.16,0.0,
1999-02-21,16.86,16.86,16.86,16.86,0.0,
1999-02-28,16.71,16.71,16.71,16.71,0.0,
1999-03-07,16.77,16.77,16.77,16.77,0.0,
1999-03-14,16.85,16.85,16.85,16.85,0.0,
1999-03-21,16.64,16.64,16.64,16.64,0.0,
1999-03-28,16.51,16.51,16.51,16.51,0.0,
1999-04-04,16.49,16.49,16.49,16.49,0.0,
1999-04-11,16.6,16.6,16.6,16.6,0.0,
1999-04-18,17.47,17.47,17.47,17.47,0.0,
1999-04-25,17.82,17.82,17.82,17.82,0.0,
1999-05-02,18.14,18.14,18.14,18.14,0.0,
1999-05-09,18.49,18.49,18.49,18.49,0.0,
1999-05-16,18.8,18.8,18.8,18.8,0.0,
1999-05-23,19.24,19.24,19.24,19.24,0.0,
1999-05-30,18.99,18.99,18.99,18.99,0.0,
1999-06-06,19.1,19.1,19.1,19.1,0.0,
1999-06-13,19.06,19.06,19.06,19.06,0.0,
1999-06-20,19.32,19.32,19.32,19.32,0.0,
1999-06-27,19.43,19.43,19.43,19.43,0.0,
1999-07-04,20.19,20.19,20.19,20.19,0.0,
1999-07-11,20.35,20.35,20.35,20.35,0.0,
1999-07-18,20.66,20.66,20.66,20.66,0.0,
1999-07-25,20.11,20.11,20.11,20.11,0.0,
1999-08-01,20.06,20.06,20.06,20.06,0.0,
1999-08-08,19.54,19.54,19.54,19.54,0.0,
1999-08-15,19.76,19.76,19.76,19.76,0.0,
1999-08-22,19.8,19.8,19.8,19.8,0.0,
1999-08-29,19.68,19.68,19.68,19.68,0.0,
1999-09-05,19.77,19.77,19.77,19.77,0.0,
1999-09-12,19.98,19.98,19.98,19.98,0.0,
1999-09-19,19.73,19.73,19.73,19.73,0.0,
1999-09-26,18.86,18.86,18.86,18.86,0.0,
1999-10-03,18.88,18.88,18.88,18.88,0.0,
1999-10-10,18.82,18.82,18.82,18.82,0.0,
1999-10-17,18.29,18.29,18.29,18.29,0.0,
1999-10-24,18.24,18.24,18.24,18.24,0.0,
1999-10-31,18.34,18.34,18.34,18.34,0.0,
1999-11-07,18.73,18.73,18.73,18.73,0.0,
1999-11-14,19.03,19.03,19.03,19.03,0.0,
1999-11-21,19.44,19.44,19.44,19.44,0.0,
1999-11-28,19.31,19.31,19.31,19.31,0.0,
1999-12-05,19.33,19.33,19.33,19.33,0.0,
1999-12-12,19.19,19.19,19.19,19.19,0.0,
1999-12-19,19.14,19.14,19.14,19.14,0.0,
1999-12-26,17.83,17.83,17.83,17.83,0.0,
2000-01-02,18.57,18.57,18.57,18.57,0.0,
2000-01-09,18.37,18.37,18.37,18.37,0.0,
2000-01-16,18.87,18.87,18.87,18.87,0.0,
2000-01-23,19.33,19.33,19.33,19.33,0.0,
2000-01-30,18.63,18.63,18.63,18.63,0.0,
2000-02-06,19.1,19.1,19.1,19.1,0.0,
2000-02-13,19.24,19.24,19.24,19.24,0.0,
2000-02-20,19.47,19.47,19.47,19.47,0.0,
2000-02-27,19.48,19.48,19.48,19.48,0.0,
2000-03-05,20.64,20.64,20.64,20.64,0.0,
2000-03-12,20.73,20.73,20.73,20.73,0.0,
2000-03-19,20.49,20.49,20.49,20.49,0.0,
2000-03-26,20.7,20.7,20.7,20.7,0.0,
2000-04-02,20.2,20.2,20.2,20.2,0.0,
2000-04-09,20.15,20.15,20.15,20.15,0.0,
2000-04-16,18.05,18.05,18.05,18.05,0.0,
2000-04-23,18.83,18.83,18.83,18.83,0.0,
2000-04-30,19.49,19.49,19.49,19.49,0.0,
2000-05-07,19.5,19.5,19.5,19.5,0.0,
2000-05-14,19.17,19.17,19.17,19.17,0.0,
2000-05-21,18.95,18.95,18.95,18.95,0.0,
2000-05-28,18.32,18.32,18.32,18.32,0.0,
2000-06-04,19.28,19.28,19.28,19.28,0.0,
2000-06-11,19.47,19.47,19.47,19.47,0.0,
2000-06-18,19.4,19.4,19.4,19.4,0.0,
2000-06-25,19.14,19.14,19.14,19.14,0.0,
2000-07-02,19.61,19.61,19.61,19.61,0.0,
2000-07-09,19.78,19.78,19.78,19.78,0.0,
2000-07-16,20.4,20.4,20.4,20.4,0.0,
2000-07-23,20.09,20.09,20.09,20.09,0.0,
2000-07-30,19.33,19.33,19.33,19.33,0.0,
2000-08-06,19.73,19.73,19.73,19.73,0.0,
2000-08-13,20.11,20.11,20.11,20.11,0.0,
2000-08-20,20.48,20.48,20.48,20.48,0.0,
2000-08-27,20.68,20.68,20.68,20.68,0.0,
2000-09-03,21.1,21.1,21.1,21.1,0.0,
2000-09-10,21.13,21.13,21.13,21.13,0.0,
2000-09-17,21.08,21.08,21.08,21.08,0.0,
2000-09-24,20.53,20.53,20.53,20.53,0.0,
2000-10-01,20.65,20.65,20.65,20.65,0.0,
2000-10-08,19.97,19.97,19.97,19.97,0.0,
2000-10-15,19.45,19.45,19.45,19.45,0.0,
2000-10-22,19.37,19.37,19.37,19.37,0.0,
2000-10-29,19.32,19.32,19.32,19.32,0.0,
2000-11-05,20.18,20.18,20.18,20.18,0.0,
2000-11-12,19.73,19.73,19.73,19.73,0.0,
2000-11-19,19.93,19.93,19.93,19.93,0.0,
2000-11-26,19.64,19.64,19.64,19.64,0.0,
2000-12-03,19.09,19.09,19.09,19.09,0.0,
2000-12-10,19.62,19.62,19.62,19.62,0.0,
2000-12-17,19.17,19.17,19.17,19.17,0.0,
2000-12-24,17.54,17.54,17.54,17.54,0.0,
2000-12-31,18.42,18.42,18.42,18.42,0.0,
2001-01-07,18.59,18.59,18.59,18.59,0.0,
2001-01-14,19.3,19.3,19.3,19.3,0.0,
2001-01-21,19.58,19.58,19.58,19.58,0.0,
2001-01-28,19.92,19.92,19.92,19.92,0.0,
2001-02-04,20.4,20.4,20.4,20.4,0.0,
2001-02-11,20.51,20.51,20.51,20.51,0.0,
2001-02-18,20.65,20.65,20.65,20.65,0.0,
2001-02-25,19.94,19.94,19.94,19.94,0.0,
2001-03-04,20.05,20.05,20.05,20.05,0.0,
2001-03-11,20.33,20.33,20.33,20.33,0.0,
2001-03-18,19.24,19.24,19.24,19.24,0.0,
2001-03-25,19.02,19.02,19.02,19.02,0.0,
2001-04-01,19.44,19.44,19.44,19.44,0.0,
2001-04-08,18.71,18.71,18.71,18.71,0.0,
2001-04-15,19.27,19.27,19.27,19.27,0.0,
2001-04-22,19.68,19.68,19.68,19.68,0.0,
2001-04-29,20.47,20.47,20.47,20.47,0.0,
2001-05-06,21.01,21.01,21.01,21.01,0.0,
2001-05-13,21.26,21.26,21.26,21.26,0.0,
2001-05-20,21.99,21.99,21.99,21.99,0.0,
2001-05-27,22.12,22.12,22.12,22.12,0.0,
2001-06-03,22.16,22.16,22.16,22.16,0.0,
2001-06-10,22.38,22.38,22.38,22.38,0.0,
2001-06-17,21.84,21.84,21.84,21.84,0.0,
2001-06-24,21.64,21.64,21.64,21.64,0.0,
2001-07-01,22.04,22.04,22.04,22.04,0.0,
2001-07-08,21.93,21.93,21.93,21.93,0.0,
2001-07-15,22.33,22.33,22.33,22.33,0.0,
2001-07-22,22.59,22.59,22.59,22.59,0.0,
2001-07-29,22.26,22.26,22.26,22.26,0.0,
2001-08-05,22.39,22.39,22.39,22.39,0.0,
2001-08-12,22.07,22.07,22.07,22.07,0.0,
2001-08-19,22.28,22.28,22.28,22.28,0.0,
2001-08-26,22.42,22.42,22.42,22.42,0.0,
2001-09-02,22.05,22.05,22.05,22.05,0.0,
2001-09-09,21.29,21.29,21.29,21.29,0.0,
2001-09-16,21.03,21.03,21.03,21.03,0.0,
2001-09-23,17.68,17.68,17.68,17.68,0.0,
2001-09-30,18.84,18.84,18.84,18.84,0.0,
2001-10-07,19.03,19.03,19.03,19.03,0.0,
2001-10-14,19.44,19.44,19.44,19.44,0.0,
2001-10-21,19.33,19.33,19.33,19.33,0.0,
2001-10-28,19.83,19.83,19.83,19.83,0.0,
2001-11-04,19.74,19.74,19.74,19.74,0.0,
2001-11-11,19.96,19.96,19.96,19.96,0.0,
2001-11-18,20.59,20.59,20.59,20.59,0.0,
2001-11-25,20.89,20.89,20.89,20.89,0.0,
2001-12-02,21.11,21.11,21.11,21.11,0.0,
2001-12-09,21.87,21.87,21.87,21.87,0.0,
2001-12-16,21.64,21.64,21.64,21.64,0.0,
2001-12-23,18.46,18.46,18.46,18.46,0.0,
2001-12-30,18.85,18.85,18.85,18.85,0.0,
2002-01-06,19.26,19.26,19.26,19.26,0.0,
2002-01-13,19.09,19.09,19.09,19.09,0.0,
2002-01-20,18.65,18.65,18.65,18.65,0.0,
2002-01-27,18.85,18.85,18.85,18.85,0.0,
2002-02-03,18.98,18.98,18.98,18.98,0.0,
2002-02-10,18.58,18.58,18.58,18.58,0.0,
2002-02-17,18.77,18.77,18.77,18.77,0.0,
2002-02-24,18.78,18.78,18.78,18.78,0.0,
2002-03-03,19.32,19.32,19.32,19.32,0.0,
2002-03-10,20.23,20.23,20.23,20.23,0.0,
2002-03-17,20.38,20.38,20.38,20.38,0.0,
2002-03-24,20.66,20.66,20.66,20.66,0.0,
2002-03-31,20.95,20.95,20.95,20.95,0.0,
2002-04-07,20.81,20.81,20.81,20.81,0.0,
2002-04-14,21.74,21.74,21.74,21.74,0.0,
2002-04-21,21.98,21.98,21.98,21.98,0.0,
2002-04-28,21.56,21.56,21.56,21.56,0.0,
2002-05-05,22.15,22.15,22.15,22.15,0.0,
2002-05-12,21.38,21.38,21.38,21.38,0.0,
2002-05-19,21.89,21.89,21.89,21.89,0.0,
2002-05-26,21.4,21.4,21.4,21.4,0.0,
2002-06-02,21.21,21.21,21.21,21.21,0.0,
2002-06-09,20.51,20.51,20.51,20.51,0.0,
2002-06-16,20.08,20.08,20.08,20.08,0.0,
2002-06-23,20.45,20.45,20.45,20.45,0.0,
2002-06-30,20.77,20.77,20.77,20.77,0.0,
2002-07-07,20.0,20.0,20.0,20.0,0.0,
2002-07-14,18.84,18.84,18.84,18.84,0.0,
2002-07-21,17.44,17.44,17.44,17.44,0.0,
2002-07-28,17.13,17.13,17.13,17.13,0.0,
2002-08-04,16.87,16.87,16.87,16.87,0.0,
2002-08-11,17.31,17.31,17.31,17.31,0.0,
2002-08-18,17.57,17.57,17.57,17.57,0.0,
2002-08-25,17.71,17.71,17.71,17.71,0.0,
2002-09-01,17.31,17.31,17.31,17.31,0.0,
2002-09-08,17.31,17.31,17.31,17.31,0.0,
2002-09-15,17.22,17.22,17.22,17.22,0.0,
2002-09-22,16.36,16.36,16.36,16.36,0.0,
2002-09-29,16.06,16.06,16.06,16.06,0.0,
2002-10-06,15.52,15.52,15.52,15.52,0.0,
2002-10-13,15.17,15.17,15.17,15.17,0.0,
2002-10-20,15.95,15.95,15.95,15.95,0.0,
2002-10-27,16.29,16.29,16.29,16.29,0.0,
2002-11-03,16.68,16.68,16.68,16.68,0.0,
2002-11-10,16.56,16.56,16.56,16.56,0.0,
2002-11-17,16.76,16.76,16.76,16.76,0.0,
2002-11-24,17.29,17.29,17.29,17.29,0.0,
2002-12-01,17.82,17.82,17.82,17.82,0.0,
2002-12-08,17.44,17.44,17.44,17.44,0.0,
2002-12-15,17.13,17.13,17.13,17.13,0.0,
2002-12-22,15.43,15.43,15.43,15.43,0.0,
2002-12-29,15.34,15.34,15.34,15.34,0.0,
2003-01-05,15.62,15.62,15.62,15.62,0.0,
2003-01-12,15.84,15.84,15.84,15.84,0.0,
2003-01-19,15.62,15.62,15.62,15.62,0.0,
2003-01-26,15.0,15.0,15.0,15.0,0.0,
2003-02-02,14.84,14.84,14.84,14.84,0.0,
2003-02-09,14.32,14.32,14.32,14.32,0.0,
2003-02-16,14.19,14.19,14.19,14.19,0.0,
2003-02-23,14.39,14.39,14.39,14.39,0.0,
2003-03-02,14.23,14.23,14.23,14.23,0.0,
2003-03-09,13.9,13.9,13.9,13.9,0.0,
2003-03-16,13.8,13.8,13.8,13.8,0.0,
2003-03-23,14.64,14.64,14.64,14.64,0.0,
2003-03-30,14.3,14.3,14.3,14.3,0.0,
2003-04-06,14.55,14.55,14.55,14.55,0.0,
2003-04-13,14.58,14.58,14.58,14.58,0.0,
2003-04-20,15.03,15.03,15.03,15.03,0.0,
2003-04-27,15.29,15.29,15.29,15.29,0.0,
2003-05-04,16.1,16.1,16.1,16.1,0.0,
2003-05-11,16.43,16.43,16.43,16.43,0.0,
2003-05-18,16.55,16.55,16.55,16.55,0.0,
2003-05-25,16.61,16.61,16.61,16.61,0.0,
2003-06-01,17.54,17.54,17.54,17.54,0.0,
2003-06-08,18.15,18.15,18.15,18.15,0.0,
2003-06-15,18.11,18.11,18.11,18.11,0.0,
2003-06-22,18.3,18.3,18.3,18.3,0.0,
2003-06-29,18.18,18.18,18.18,18.18,0.0,
2003-07-06,18.57,18.57,18.57,18.57,0.0,
2003-07-13,19.38,19.38,19.38,19.38,0.0,
2003-07-20,19.11,19.11,19.11,19.11,0.0,
2003-07-27,19.16,19.16,19.16,19.16,0.0,
2003-08-03,19.15,19.15,19.15,19.15,0.0,
2003-08-10,18.67,18.67,18.67,18.67,0.0,
2003-08-17,19.38,19.38,19.38,19.38,0.0,
2003-08-24,19.98,19.98,19.98,19.98,0.0,
2003-08-31,20.46,20.46,20.46,20.46,0.0,
2003-09-07,20.97,20.97,20.97,20.97,0.0,
2003-09-14,21.06,21.06,21.06,21.06,0.0,
2003-09-21,21.47,21.47,21.47,21.47,0.0,
2003-09-28,20.2,20.2,20.2,20.2,0.0,
2003-10-05,21.27,21.27,21.27,21.27,0.0,
2003-10-12,21.71,21.71,21.71,21.71,0.0,
2003-10-19,21.89,21.89,21.89,21.89,0.0,
2003-10-26,21.39,21.39,21.39,21.39,0.0,
2003-11-02,22.33,22.33,22.33,22.33,0.0,
2003-11-09,23.05,23.05,23.05,23.05,0.0,
2003-11-16,22.6,22.6,22.6,22.6,0.0,
2003-11-23,22.41,22.41,22.41,22.41,0.0,
2003-11-30,23.26,23.26,23.26,23.26,0.0,
2003-12-07,23.24,23.24,23.24,23.24,0.0,
2003-12-14,23.81,23.81,23.81,23.81,0.0,
2003-12-21,24.01,24.01,24.01,24.01,0.0,
2003-12-28,22.81,22.81,22.81,22.81,0.0,
2004-01-04,23.11,23.11,23.11,23.11,0.0,
2004-01-11,23.79,23.79,23.79,23.79,0.0,
2004-01-18,24.37,24.37,24.37,24.37,0.0,
2004-01-25,24.72,24.72,24.72,24.72,0.0,
2004-02-01,24.03,24.03,24.03,24.03,0.0,
2004-02-08,24.18,24.18,24.18,24.18,0.0,
2004-02-15,24.35,24.35,24.35,24.35,0.0,
2004-02-22,24.13,24.13,24.13,24.13,0.0,
2004-02-29,24.37,24.37,24.37,24.37,0.0,
2004-03-07,24.92,24.92,24.92,24.92,0.0,
2004-03-14,24.21,24.21,24.21,24.21,0.0,
2004-03-21,23.77,23.77,23.77,23.77,0.0,
2004-03-28,23.88,23.88,23.88,23.88,0.0,
2004-04-04,25.2,25.2,25.2,25.2,0.0,
2004-04-11,25.12,25.12,25.12,25.12,0.0,
2004-04-18,24.89,24.89,24.89,24.89,0.0,
2004-04-25,25.16,25.16,25.16,25.16,0.0,
2004-05-02,23.82,23.82,23.82,23.82,0.0,
2004-05-09,23.23,23.23,23.23,23.23,0.0,
2004-05-16,22.93,22.93,22.93,22.93,0.0,
2004-05-23,23.05,23.05,23.05,23.05,0.0,
2004-05-30,23.91,23.91,23.91,23.91,0.0,
2004-06-06,23.96,23.96,23.96,23.96,0.0,
2004-06-13,24.25,24.25,24.25,24.25,0.0,
2004-06-20,24.55,24.55,24.55,24.55,0.0,
2004-06-27,25.19,25.19,25.19,25.19,0.0,
2004-07-04,25.2,25.2,25.2,25.2,0.0,
2004-07-11,24.56,24.56,24.56,24.56,0.0,
2004-07-18,24.34,24.34,24.34,24.34,0.0,
2004-07-25,23.61,23.61,23.61,23.61,0.0,
2004-08-01,24.14,24.14,24.14,24.14,0.0,
2004-08-08,22.75,22.75,22.75,22.75,0.0,
2004-08-15,22.67,22.67,22.67,22.67,0.0,
2004-08-22,23.81,23.81,23.81,23.81,0.0,
2004-08-29,23.91,23.91,23.91,23.91,0.0,
2004-09-05,24.15,24.15,24.15,24.15,0.0,
2004-09-12,24.65,24.65,24.65,24.65,0.0,
2004-09-19,24.79,24.79,24.79,24.79,0.0,
2004-09-26,24.61,24.61,24.61,24.61,0.0,
2004-10-03,25.49,25.49,25.49,25.49,0.0,
2004-10-10,25.27,25.27,25.27,25.27,0.0,
2004-10-17,24.73,24.73,24.73,24.73,0.0,
2004-10-24,24.54,24.54,24.54,24.54,0.0,
2004-10-31,25.19,25.19,25.19,25.19,0.0,
2004-11-07,26.01,26.01,26.01,26.01,0.0,
2004-11-14,26.72,26.72,26.72,26.72,0.0,
2004-11-21,26.76,26.76,26.76,26.76,0.0,
2004-11-28,27.58,27.58,27.58,27.58,0.0,
2004-12-05,27.94,27.94,27.94,27.94,0.0,
2004-12-12,27.49,27.49,27.49,27.49,0.0,
2004-12-19,28.08,28.08,28.08,28.08,0.0,
2004-12-26,26.67,26.67,26.67,26.67,0.0,
2005-01-02,26.88,26.88,26.88,26.88,0.0,
2005-01-09,25.33,25.33,25.33,25.33,0.0,
2005-01-16,25.64,25.64,25.64,25.64,0.0,
2005-01-23,25.3,25.3,25.3,25.3,0.0,
2005-01-30,25.46,25.46,25.46,25.46,0.0,
2005-02-06,26.41,26.41,26.41,26.41,0.0,
2005-02-13,26.32,26.32,26.32,26.32,0.0,
2005-02-20,26.35,26.35,26.35,26.35,0.0,
2005-02-27,26.71,26.71,26.71,26.71,0.0,
2005-03-06,27.17,27.17,27.17,27.17,0.0,
2005-03-13,26.49,26.49,26.49,26.49,0.0,
2005-03-20,26.4,26.4,26.4,26.4,0.0,
2005-03-27,26.08,26.08,26.08,26.08,0.0,
2005-04-03,25.98,25.98,25.98,25.98,0.0,
2005-04-10,25.95,25.95,25.95,25.95,0.0,
2005-04-17,24.55,24.55,24.55,24.55,0.0,
2005-04-24,24.75,24.75,24.75,24.75,0.0,
2005-05-01,24.2,24.2,24.2,24.2,0.0,
2005-05-08,24.88,24.88,24.88,24.88,0.0,
2005-05-15,24.18,24.18,24.18,24.18,0.0,
2005-05-22,25.39,25.39,25.39,25.39,0.0,
2005-05-29,25.81,25.81,25.81,25.81,0.0,
2005-06-05,26.05,26.05,26.05,26.05,0.0,
2005-06-12,26.37,26.37,26.37,26.37,0.0,
2005-06-19,27.13,27.13,27.13,27.13,0.0,
2005-06-26,26.34,26.34,26.34,26.34,0.0,
2005-07-03,27.03,27.03,27.03,27.03,0.0,
2005-07-10,27.7,27.7,27.7,27.7,0.0,
2005-07-17,27.86,27.86,27.86,27.86,0.0,
2005-07-24,28.65,28.65,28.65,28.65,0.0,
2005-07-31,28.76,28.76,28.76,28.76,0.0,
2005-08-07,28.21,28.21,28.21,28.21,0.0,
2005-08-14,28.15,28.15,28.15,28.15,0.0,
2005-08-21,27.76,27.76,27.76,27.76,0.0,
2005-08-28,27.57,27.57,27.57,27.57,0.0,
2005-09-04,28.18,28.18,28.18,28.18,0.0,
2005-09-11,28.63,28.63,28.63,28.63,0.0,
2005-09-18,28.46,28.46,28.46,28.46,0.0,
2005-09-25,27.96,27.96,27.96,27.96,0.0,
2005-10-02,28.41,28.41,28.41,28.41,0.0,
2005-10-09,27.55,27.55,27.55,27.55,0.0,
2005-10-16,26.99,26.99,26.99,26.99,0.0,
2005-10-23,26.92,26.92,26.92,26.92,0.0,
2005-10-30,27.13,27.13,27.13,27.13,0.0,
2005-11-06,28.1,28.1,28.1,28.1,0.0,
2005-11-13,28.37,28.37,28.37,28.37,0.0,
2005-11-20,28.51,28.51,28.51,28.51,0.0,
2005-11-27,28.96,28.96,28.96,28.96,0.0,
2005-12-04,29.26,29.26,29.26,29.26,0.0,
2005-12-11,29.29,29.29,29.29,29.29,0.0,
2005-12-18,28.98,28.98,28.98,28.98,0.0,
2005-12-25,26.84,26.84,26.84,26.84,0.0,
2006-01-01,26.52,26.52,26.52,26.52,0.0,
2006-01-08,27.34,27.34,27.34,27.34,0.0,
2006-01-15,27.64,27.64,27.64,27.64,0.0,
2006-01-22,27.56,27.56,27.56,27.56,0.0,
2006-01-29,28.75,28.75,28.75,28.75,0.0,
2006-02-05,28.56,28.56,28.56,28.56,0.0,
2006-02-12,28.22,28.22,28.22,28.22,0.0,
2006-02-19,28.74,28.74,28.74,28.74,0.0,
2006-02-26,29.02,29.02,29.02,29.02,0.0,
2006-03-05,29.06,29.06,29.06,29.06,0.0,
2006-03-12,28.74,28.74,28.74,28.74,0.0,
2006-03-19,29.53,29.53,29.53,29.53,0.0,
2006-03-26,29.93,29.93,29.93,29.93,0.0,
2006-04-02,30.47,30.47,30.47,30.47,0.0,
2006-04-09,30.32,30.32,30.32,30.32,0.0,
2006-04-16,30.15,30.15,30.15,30.15,0.0,
2006-04-23,30.95,30.95,30.95,30.95,0.0,
2006-04-30,30.77,30.77,30.77,30.77,0.0,
2006-05-07,31.63,31.63,31.63,31.63,0.0,
2006-05-14,30.22,30.22,30.22,30.22,0.0,
2006-05-21,29.46,29.46,29.46,29.46,0.0,
2006-05-28,29.7,29.7,29.7,29.7,0.0,
2006-06-04,30.04,30.04,30.04,30.04,0.0,
2006-06-11,28.6,28.6,28.6,28.6,0.0,
2006-06-18,28.21,28.21,28.21,28.21,0.0,
2006-06-25,28.11,28.11,28.11,28.11,0.0,
2006-07-02,29.37,29.37,29.37,29.37,0.0,
2006-07-09,28.81,28.81,28.81,28.81,0.0,
2006-07-16,27.62,27.62,27.62,27.62,0.0,
2006-07-23,27.19,27.19,27.19,27.19,0.0,
2006-07-30,28.2,28.2,28.2,28.2,0.0,
2006-08-06,28.26,28.26,28.26,28.26,0.0,
2006-08-13,27.33,27.33,27.33,27.33,0.0,
2006-08-20,28.51,28.51,28.51,28.51,0.0,
2006-08-27,27.95,27.95,27.95,27.95,0.0,
2006-09-03,28.97,28.97,28.97,28.97,0.0,
2006-09-10,28.49,28.49,28.49,28.49,0.0,
2006-09-17,29.2,29.2,29.2,29.2,0.0,
2006-09-24,28.82,28.82,28.82,28.82,0.0,
2006-10-01,29.08,29.08,29.08,29.08,0.0,
2006-10-08,29.6,29.6,29.6,29.6,0.0,
2006-10-15,30.49,30.49,30.49,30.49,0.0,
2006-10-22,30.51,30.51,30.51,30.51,0.0,
2006-10-29,30.64,30.64,30.64,30.64,0.0,
2006-11-05,30.15,30.15,30.15,30.15,0.0,
2006-11-12,30.94,30.94,30.94,30.94,0.0,
2006-11-19,31.65,31.65,31.65,31.65,0.0,
2006-11-26,31.82,31.82,31.82,31.82,0.0,
2006-12-03,31.35,31.35,31.35,31.35,0.0,
2006-12-10,31.88,31.88,31.88,31.88,0.0,
2006-12-17,32.11,32.11,32.11,32.11,0.0,
2006-12-24,29.26,29.26,29.26,29.26,0.0,
2006-12-31,29.54,29.54,29.54,29.54,0.0,
2007-01-07,29.11,29.11,29.11,29.11,0.0,
2007-01-14,29.87,29.87,29.87,29.87,0.0,
2007-01-21,29.65,29.65,29.65,29.65,0.0,
2007-01-28,29.7,29.7,29.7,29.7,0.0,
2007-02-04,30.5,30.5,30.5,30.5,0.0,
2007-02-11,30.55,30.55,30.55,30.55,0.0,
2007-02-18,30.94,30.94,30.94,30.94,0.0,
2007-02-25,31.26,31.26,31.26,31.26,0.0,
2007-03-04,29.51,29.51,29.51,29.51,0.0,
2007-03-11,29.93,29.93,29.93,29.93,0.0,
2007-03-18,29.71,29.71,29.71,29.71,0.0,
2007-03-25,30.76,30.76,30.76,30.76,0.0,
2007-04-01,30.43,30.43,30.43,30.43,0.0,
2007-04-08,30.87,30.87,30.87,30.87,0.0,
2007-04-15,31.18,31.18,31.18,31.18,0.0,
2007-04-22,31.6,31.6,31.6,31.6,0.0,
2007-04-29,31.53,31.53,31.53,31.53,0.0,
2007-05-06,31.63,31.63,31.63,31.63,0.0,
2007-05-13,31.64,31.64,31.64,31.64,0.0,
2007-05-20,31.49,31.49,31.49,31.49,0.0,
2007-05-27,31.63,31.63,31.63,31.63,0.0,
2007-06-03,32.4,32.4,32.4,32.4,0.0,
2007-06-10,31.72,31.72,31.72,31.72,0.0,
2007-06-17,32.11,32.11,32.11,32.11,0.0,
2007-06-24,31.63,31.63,31.63,31.63,0.0,
2007-07-01,31.53,31.53,31.53,31.53,0.0,
2007-07-08,32.15,32.15,32.15,32.15,0.0,
2007-07-15,32.28,32.28,32.28,32.28,0.0,
2007-07-22,31.56,31.56,31.56,31.56,0.0,
2007-07-29,29.15,29.15,29.15,29.15,0.0,
2007-08-05,27.98,27.98,27.98,27.98,0.0,
2007-08-12,28.71,28.71,28.71,28.71,0.0,
2007-08-19,28.66,28.66,28.66,28.66,0.0,
2007-08-26,29.16,29.16,29.16,29.16,0.0,
2007-09-02,28.9,28.9,28.9,28.9,0.0,
2007-09-09,28.27,28.27,28.27,28.27,0.0,
2007-09-16,28.26,28.26,28.26,28.26,0.0,
2007-09-23,29.22,29.22,29.22,29.22,0.0,
2007-09-30,28.7,28.7,28.7,28.7,0.0,
2007-10-07,29.97,29.97,29.97,29.97,0.0,
2007-10-14,29.75,29.75,29.75,29.75,0.0,
2007-10-21,28.08,28.08,28.08,28.08,0.0,
2007-10-28,28.83,28.83,28.83,28.83,0.0,
2007-11-04,27.77,27.77,27.77,27.77,0.0,
2007-11-11,27.07,27.07,27.07,27.07,0.0,
2007-11-18,26.82,26.82,26.82,26.82,0.0,
2007-11-25,26.34,26.34,26.34,26.34,0.0,
2007-12-02,26.49,26.49,26.49,26.49,0.0,
2007-12-09,26.96,26.96,26.96,26.96,0.0,
2007-12-16,25.82,25.82,25.82,25.82,0.0,
2007-12-23,24.42,24.42,24.42,24.42,0.0,
2007-12-30,23.95,23.95,23.95,23.95,0.0,
2008-01-06,22.34,22.34,22.34,22.34,0.0,
2008-01-13,21.79,21.79,21.79,21.79,0.0,
2008-01-20,21.05,21.05,21.05,21.05,0.0,
2008-01-27,21.8,21.8,21.8,21.8,0.0,
2008-02-03,23.39,23.39,23.39,23.39,0.0,
2008-02-10,22.53,22.53,22.53,22.53,0.0,
2008-02-17,22.65,22.65,22.65,22.65,0.0,
2008-02-24,22.59,22.59,22.59,22.59,0.0,
2008-03-02,22.25,22.25,22.25,22.25,0.0,
2008-03-09,21.54,21.54,21.54,21.54,0.0,
2008-03-16,21.55,21.55,21.55,21.55,0.0,
2008-03-23,22.12,22.12,22.12,22.12,0.0,
2008-03-30,22.16,22.16,22.16,22.16,0.0,
2008-04-06,23.01,23.01,23.01,23.01,0.0,
2008-04-13,22.18,22.18,22.18,22.18,0.0,
2008-04-20,23.22,23.22,23.22,23.22,0.0,
2008-04-27,22.88,22.88,22.88,22.88,0.0,
2008-05-04,23.08,23.08,23.08,23.08,0.0,
2008-05-11,22.94,22.94,22.94,22.94,0.0,
2008-05-18,23.58,23.58,23.58,23.58,0.0,
2008-05-25,23.03,23.03,23.03,23.03,0.0,
2008-06-01,23.66,23.66,23.66,23.66,0.0,
2008-06-08,23.34,23.34,23.34,23.34,0.0,
2008-06-15,23.04,23.04,23.04,23.04,0.0,
2008-06-22,22.63,22.63,22.63,22.63,0.0,
2008-06-29,21.54,21.54,21.54,21.54,0.0,
2008-07-06,20.47,20.47,20.47,20.47,0.0,
2008-07-13,20.54,20.54,20.54,20.54,0.0,
2008-07-20,21.13,21.13,21.13,21.13,0.0,
2008-07-27,21.53,21.53,21.53,21.53,0.0,
2008-08-03,21.78,21.78,21.78,21.78,0.0,
2008-08-10,22.29,22.29,22.29,22.29,0.0,
2008-08-17,22.96,22.96,22.96,22.96,0.0,
2008-08-24,22.51,22.51,22.51,22.51,0.0,
2008-08-31,22.58,22.58,22.58,22.58,0.0,
2008-09-07,22.33,22.33,22.33,22.33,0.0,
2008-09-14,22.47,22.47,22.47,22.47,0.0,
2008-09-21,23.52,23.52,23.52,23.52,0.0,
2008-09-28,21.81,21.81,21.81,21.81,0.0,
2008-10-05,19.22,19.22,19.22,19.22,0.0,
2008-10-12,16.01,16.01,16.01,16.01,0.0,
2008-10-19,15.98,15.98,15.98,15.98,0.0,
2008-10-26,14.38,14.38,14.38,14.38,0.0,
2008-11-02,16.32,16.32,16.32,16.32,0.0,
2008-11-09,15.31,15.31,15.31,15.31,0.0,
2008-11-16,13.86,13.86,13.86,13.86,0.0,
2008-11-23,12.18,12.18,12.18,12.18,0.0,
2008-11-30,14.2,14.2,14.2,14.2,0.0,
2008-12-07,13.89,13.89,13.89,13.89,0.0,
2008-12-14,13.85,13.85,13.85,13.85,0.0,
2008-12-21,14.36,14.36,14.36,14.36,0.0,
2008-12-28,14.03,14.03,14.03,14.03,0.0,
2009-01-04,15.03,15.03,15.03,15.03,0.0,
2009-01-11,14.34,14.34,14.34,14.34,0.0,
2009-01-18,13.61,13.61,13.61,13.61,0.0,
2009-01-25,12.79,12.79,12.79,12.79,0.0,
2009-02-01,12.67,12.67,12.67,12.67,0.0,
2009-02-08,13.57,13.57,13.57,13.57,0.0,
2009-02-15,12.79,12.79,12.79,12.79,0.0,
2009-02-22,11.54,11.54,11.54,11.54,0.0,
2009-03-01,11.06,11.06,11.06,11.06,0.0,
2009-03-08,9.83,9.83,9.83,9.83,0.0,
2009-03-15,11.21,11.21,11.21,11.21,0.0,
2009-03-22,11.62,11.62,11.62,11.62,0.0,
2009-03-29,12.56,12.56,12.56,12.56,0.0,
2009-04-05,13.45,13.45,13.45,13.45,0.0,
2009-04-12,13.93,13.93,13.93,13.93,0.0,
2009-04-19,14.38,14.38,14.38,14.38,0.0,
2009-04-26,14.32,14.32,14.32,14.32,0.0,
2009-05-03,14.63,14.63,14.63,14.63,0.0,
2009-05-10,15.6,15.6,15.6,15.6,0.0,
2009-05-17,14.3,14.3,14.3,14.3,0.0,
2009-05-24,14.37,14.37,14.37,14.37,0.0,
2009-05-31,15.08,15.08,15.08,15.08,0.0,
2009-06-07,15.92,15.92,15.92,15.92,0.0,
2009-06-14,15.79,15.79,15.79,15.79,0.0,
2009-06-21,15.18,15.18,15.18,15.18,0.0,
2009-06-28,15.24,15.24,15.24,15.24,0.0,
2009-07-05,14.87,14.87,14.87,14.87,0.0,
2009-07-12,14.44,14.44,14.44,14.44,0.0,
2009-07-19,15.82,15.82,15.82,15.82,0.0,
2009-07-26,16.75,16.75,16.75,16.75,0.0,
2009-08-02,17.13,17.13,17.13,17.13,0.0,
2009-08-09,17.85,17.85,17.85,17.85,0.0,
2009-08-16,17.64,17.64,17.64,17.64,0.0,
2009-08-23,18.27,18.27,18.27,18.27,0.0,
2009-08-30,18.34,18.34,18.34,18.34,0.0,
2009-09-06,17.96,17.96,17.96,17.96,0.0,
2009-09-13,18.76,18.76,18.76,18.76,0.0,
2009-09-20,19.59,19.59,19.59,19.59,0.0,
2009-09-27,18.91,18.91,18.91,18.91,0.0,
2009-10-04,18.26,18.26,18.26,18.26,0.0,
2009-10-11,19.58,19.58,19.58,19.58,0.0,
2009-10-18,19.64,19.64,19.64,19.64,0.0,
2009-10-25,19.11,19.11,19.11,19.11,0.0,
2009-11-01,17.69,17.69,17.69,17.69,0.0,
2009-11-08,18.27,18.27,18.27,18.27,0.0,
2009-11-15,18.49,18.49,18.49,18.49,0.0,
2009-11-22,18.48,18.48,18.48,18.48,0.0,
2009-11-29,18.17,18.17,18.17,18.17,0.0,
2009-12-06,18.94,18.94,18.94,18.94,0.0,
2009-12-13,18.83,18.83,18.83,18.83,0.0,
2009-12-20,19.19,19.19,19.19,19.19,0.0,
2009-12-27,19.9,19.9,19.9,19.9,0.0,
2010-01-03,19.63,19.63,19.63,19.63,0.0,
2010-01-10,20.49,20.49,20.49,20.49,0.0,
2010-01-17,20.21,20.21,20.21,20.21,0.0,
2010-01-24,19.5,19.5,19.5,19.5,0.0,
2010-01-31,19.01,19.01,19.01,19.01,0.0,
2010-02-07,18.78,18.78,18.78,18.78,0.0,
2010-02-14,19.46,19.46,19.46,19.46,0.0,
2010-02-21,20.31,20.31,20.31,20.31,0.0,
2010-02-28,20.18,20.18,20.18,20.18,0.0,
2010-03-07,21.45,21.45,21.45,21.45,0.0,
2010-03-14,21.78,21.78,21.78,21.78,0.0,
2010-03-21,21.74,21.74,21.74,21.74,0.0,
2010-03-28,21.95,21.95,21.95,21.95,0.0,
2010-04-04,22.2,22.2,22.2,22.2,0.0,
2010-04-11,23.08,23.08,23.08,23.08,0.0,
2010-04-18,23.53,23.53,23.53,23.53,0.0,
2010-04-25,24.74,24.74,24.74,24.74,0.0,
2010-05-02,23.74,23.74,23.74,23.74,0.0,
2010-05-09,21.22,21.22,21.22,21.22,0.0,
2010-05-16,22.62,22.62,22.62,22.62,0.0,
2010-05-23,20.97,20.97,20.97,20.97,0.0,
2010-05-30,21.39,21.39,21.39,21.39,0.0,
2010-06-06,20.23,20.23,20.23,20.23,0.0,
2010-06-13,20.65,20.65,20.65,20.65,0.0,
2010-06-20,21.28,21.28,21.28,21.28,0.0,
2010-06-27,20.55,20.55,20.55,20.55,0.0,
2010-07-04,18.81,18.81,18.81,18.81,0.0,
2010-07-11,19.91,19.91,19.91,19.91,0.0,
2010-07-18,19.34,19.34,19.34,19.34,0.0,
2010-07-25,20.81,20.81,20.81,20.81,0.0,
2010-08-01,20.89,20.89,20.89,20.89,0.0,
2010-08-08,20.93,20.93,20.93,20.93,0.0,
2010-08-15,19.52,19.52,19.52,19.52,0.0,
2010-08-22,19.55,19.55,19.55,19.55,0.0,
2010-08-29,19.58,19.58,19.58,19.58,0.0,
2010-09-05,20.57,20.57,20.57,20.57,0.0,
2010-09-12,20.31,20.31,20.31,20.31,0.0,
2010-09-19,20.79,20.79,20.79,20.79,0.0,
2010-09-26,21.41,21.41,21.41,21.41,0.0,
2010-10-03,21.69,21.69,21.69,21.69,0.0,
2010-10-10,22.26,22.26,22.26,22.26,0.0,
2010-10-17,22.58,22.58,22.58,22.58,0.0,
2010-10-24,22.59,22.59,22.59,22.59,0.0,
2010-10-31,22.49,22.49,22.49,22.49,0.0,
2010-11-07,23.84,23.84,23.84,23.84,0.0,
2010-11-14,23.29,23.29,23.29,23.29,0.0,
2010-11-21,23.51,23.51,23.51,23.51,0.0,
2010-11-28,23.64,23.64,23.64,23.64,0.0,
2010-12-05,24.55,24.55,24.55,24.55,0.0,
2010-12-12,25.24,25.24,25.24,25.24,0.0,
2010-12-19,25.18,25.18,25.18,25.18,0.0,
2010-12-26,25.66,25.66,25.66,25.66,0.0,
2011-01-02,25.57,25.57,25.57,25.57,0.0,
2011-01-09,25.7,25.7,25.7,25.7,0.0,
2011-01-16,26.39,26.39,26.39,26.39,0.0,
2011-01-23,25.28,25.28,25.28,25.28,0.0,
2011-01-30,25.48,25.48,25.48,25.48,0.0,
2011-02-06,26.26,26.26,26.26,26.26,0.0,
2011-02-13,27.09,27.09,27.09,27.09,0.0,
2011-02-20,27.69,27.69,27.69,27.69,0.0,
2011-02-27,27.19,27.19,27.19,27.19,0.0,
2011-03-06,27.28,27.28,27.28,27.28,0.0,
2011-03-13,26.56,26.56,26.56,26.56,0.0,
2011-03-20,26.22,26.22,26.22,26.22,0.0,
2011-03-27,27.26,27.26,27.26,27.26,0.0,
2011-04-03,27.99,27.99,27.99,27.99,0.0,
2011-04-10,27.78,27.78,27.78,27.78,0.0,
2011-04-17,27.32,27.32,27.32,27.32,0.0,
2011-04-24,27.62,27.62,27.62,27.62,0.0,
2011-05-01,28.17,28.17,28.17,28.17,0.0,
2011-05-08,27.11,27.11,27.11,27.11,0.0,
2011-05-15,27.0,27.0,27.0,27.0,0.0,
2011-05-22,26.66,26.66,26.66,26.66,0.0,
2011-05-29,26.9,26.9,26.9,26.9,0.0,
2011-06-05,25.99,25.99,25.99,25.99,0.0,
2011-06-12,25.15,25.15,25.15,25.15,0.0,
2011-06-19,25.24,25.24,25.24,25.24,0.0,
2011-06-26,25.68,25.68,25.68,25.68,0.0,
2011-07-03,27.23,27.23,27.23,27.23,0.0,
2011-07-10,27.58,27.58,27.58,27.58,0.0,
2011-07-17,26.91,26.91,26.91,26.91,0.0,
2011-07-24,27.36,27.36,27.36,27.36,0.0,
2011-07-31,26.0,26.0,26.0,26.0,0.0,
2011-08-07,23.12,23.12,23.12,23.12,0.0,
2011-08-14,22.23,22.23,22.23,22.23,0.0,
2011-08-21,20.79,20.79,20.79,20.79,0.0,
2011-08-28,22.05,22.05,22.05,22.05,0.0,
2011-09-04,21.69,21.69,21.69,21.69,0.0,
2011-09-11,21.4,21.4,21.4,21.4,0.0,
2011-09-18,22.7,22.7,22.7,22.7,0.0,
2011-09-25,20.42,20.42,20.42,20.42,0.0,
2011-10-02,20.29,20.29,20.29,20.29,0.0,
2011-10-09,20.68,20.68,20.68,20.68,0.0,
2011-10-16,22.62,22.62,22.62,22.62,0.0,
2011-10-23,22.62,22.62,22.62,22.62,0.0,
2011-10-30,24.23,24.23,24.23,24.23,0.0,
2011-11-06,23.74,23.74,23.74,23.74,0.0,
2011-11-13,23.73,23.73,23.73,23.73,0.0,
2011-11-20,22.84,22.84,22.84,22.84,0.0,
2011-11-27,21.08,21.08,21.08,21.08,0.0,
2011-12-04,23.29,23.29,23.29,23.29,0.0,
2011-12-11,23.61,23.61,23.61,23.61,0.0,
2011-12-18,22.48,22.48,22.48,22.48,0.0,
2011-12-25,23.44,23.44,23.44,23.44,0.0,
2012-01-01,23.16,23.16,23.16,23.16,0.0,
2012-01-08,23.54,23.54,23.54,23.54,0.0,
2012-01-15,24.04,24.04,24.04,24.04,0.0,
2012-01-22,24.75,24.75,24.75,24.75,0.0,
2012-01-29,25.09,25.09,25.09,25.09,0.0,
2012-02-05,26.11,26.11,26.11,26.11,0.0,
2012-02-12,25.69,25.69,25.69,25.69,0.0,
2012-02-19,26.27,26.27,26.27,26.27,0.0,
2012-02-26,26.13,26.13,26.13,26.13,0.0,
2012-03-04,25.38,25.38,25.38,25.38,0.0,
2012-03-11,25.77,25.77,25.77,25.77,0.0,
2012-03-18,26.36,26.36,26.36,26.36,0.0,
2012-03-25,26.3,26.3,26.3,26.3,0.0,
2012-04-01,26.26,26.26,26.26,26.26,0.0,
2012-04-08,25.89,25.89,25.89,25.89,0.0,
2012-04-15,25.2,25.2,25.2,25.2,0.0,
2012-04-22,25.47,25.47,25.47,25.47,0.0,
2012-04-29,26.1,26.1,26.1,26.1,0.0,
2012-05-06,25.0,25.0,25.0,25.0,0.0,
2012-05-13,24.94,24.94,24.94,24.94,0.0,
2012-05-20,23.63,23.63,23.63,23.63,0.0,
2012-05-27,24.15,24.15,24.15,24.15,0.0,
2012-06-03,23.24,23.24,23.24,23.24,0.0,
2012-06-10,24.07,24.07,24.07,24.07,0.0,
2012-06-17,24.11,24.11,24.11,24.11,0.0,
2012-06-24,24.21,24.21,24.21,24.21,0.0,
2012-07-01,24.98,24.98,24.98,24.98,0.0,
2012-07-08,25.34,25.34,25.34,25.34,0.0,
2012-07-15,25.19,25.19,25.19,25.19,0.0,
2012-07-22,24.84,24.84,24.84,24.84,0.0,
2012-07-29,25.13,25.13,25.13,25.13,0.0,
2012-08-05,25.03,25.03,25.03,25.03,0.0,
2012-08-12,25.63,25.63,25.63,25.63,0.0,
2012-08-19,26.25,26.25,26.25,26.25,0.0,
2012-08-26,25.87,25.87,25.87,25.87,0.0,
2012-09-02,25.97,25.97,25.97,25.97,0.0,
2012-09-09,26.97,26.97,26.97,26.97,0.0,
2012-09-16,27.82,27.82,27.82,27.82,0.0,
2012-09-23,27.43,27.43,27.43,27.43,0.0,
2012-09-30,26.79,26.79,26.79,26.79,0.0,
2012-10-07,27.27,27.27,27.27,27.27,0.0,
2012-10-14,26.66,26.66,26.66,26.66,0.0,
2012-10-21,26.75,26.75,26.75,26.75,0.0,
2012-10-28,26.42,26.42,26.42,26.42,0.0,
2012-11-04,26.58,26.58,26.58,26.58,0.0,
2012-11-11,26.0,26.0,26.0,26.0,0.0,
2012-11-18,25.38,25.38,25.38,25.38,0.0,
2012-11-25,26.46,26.46,26.46,26.46,0.0,
2012-12-02,27.06,27.06,27.06,27.06,0.0,
2012-12-09,27.11,27.11,27.11,27.11,0.0,
2012-12-16,25.38,25.38,25.38,25.38,0.0,
2012-12-23,26.13,26.13,26.13,26.13,0.0,
2012-12-30,25.62,25.62,25.62,25.62,0.0,
2013-01-06,27.16,27.16,27.16,27.16,0.0,
2013-01-13,27.11,27.11,27.11,27.11,0.0,
2013-01-20,27.5,27.5,27.5,27.5,0.0,
2013-01-27,27.86,27.86,27.86,27.86,0.0,
2013-02-03,28.29,28.29,28.29,28.29,0.0,
2013-02-10,28.5,28.5,28.5,28.5,0.0,
2013-02-17,28.97,28.97,28.97,28.97,0.0,
2013-02-24,28.65,28.65,28.65,28.65,0.0,
2013-03-03,28.47,28.47,28.47,28.47,0.0,
2013-03-10,29.39,29.39,29.39,29.39,0.0,
2013-03-17,29.89,29.89,29.89,29.89,0.0,
2013-03-24,29.72,29.72,29.72,29.72,0.0,
2013-03-31,29.81,29.81,29.81,29.81,0.0,
2013-04-07,28.9,28.9,28.9,28.9,0.0,
2013-04-14,29.48,29.48,29.48,29.48,0.0,
2013-04-21,28.27,28.27,28.27,28.27,0.0,
2013-04-28,29.07,29.07,29.07,29.07,0.0,
2013-05-05,29.82,29.82,29.82,29.82,0.0,
2013-05-12,30.64,30.64,30.64,30.64,0.0,
2013-05-19,31.14,31.14,31.14,31.14,0.0,
2013-05-26,30.92,30.92,30.92,30.92,0.0,
2013-06-02,31.07,31.07,31.07,31.07,0.0,
2013-06-09,31.19,31.19,31.19,31.19,0.0,
2013-06-16,30.93,30.93,30.93,30.93,0.0,
2013-06-23,30.39,30.39,30.39,30.39,0.0,
2013-06-30,30.81,30.81,30.81,30.81,0.0,
2013-07-07,31.89,31.89,31.89,31.89,0.0,
2013-07-14,32.82,32.82,32.82,32.82,0.0,
2013-07-21,33.29,33.29,33.29,33.29,0.0,
2013-07-28,33.23,33.23,33.23,33.23,0.0,
2013-08-04,33.56,33.56,33.56,33.56,0.0,
2013-08-11,33.02,33.02,33.02,33.02,0.0,
2013-08-18,32.44,32.44,32.44,32.44,0.0,
2013-08-25,32.71,32.71,32.71,32.71,0.0,
2013-09-01,31.69,31.69,31.69,31.69,0.0,
2013-09-08,32.21,32.21,32.21,32.21,0.0,
2013-09-15,32.89,32.89,32.89,32.89,0.0,
2013-09-22,33.4,33.4,33.4,33.4,0.0,
2013-09-29,33.34,33.34,33.34,33.34,0.0,
2013-10-06,33.48,33.48,33.48,33.48,0.0,
2013-10-13,33.81,33.81,33.81,33.81,0.0,
2013-10-20,34.68,34.68,34.68,34.68,0.0,
2013-10-27,34.86,34.86,34.86,34.86,0.0,
2013-11-03,34.43,34.43,34.43,34.43,0.0,
2013-11-10,34.76,34.76,34.76,34.76,0.0,
2013-11-17,35.36,35.36,35.36,35.36,0.0,
2013-11-24,35.65,35.65,35.65,35.65,0.0,
2013-12-01,36.23,36.23,36.23,36.23,0.0,
2013-12-08,35.99,35.99,35.99,35.99,0.0,
2013-12-15,33.71,33.71,33.71,33.71,0.0,
2013-12-22,34.76,34.76,34.76,34.76,0.0,
2013-12-29,35.33,35.33,35.33,35.33,0.0,
2014-01-05,35.08,35.08,35.08,35.08,0.0,
2014-01-12,35.05,35.05,35.05,35.05,0.0,
2014-01-19,35.05,35.05,35.05,35.05,0.0,
2014-01-26,34.22,34.22,34.22,34.22,0.0,
2014-02-02,33.59,33.59,33.59,33.59,0.0,
2014-02-09,33.19,33.19,33.19,33.19,0.0,
2014-02-16,34.19,34.19,34.19,34.19,0.0,
2014-02-23,34.51,34.51,34.51,34.51,0.0,
2014-03-02,35.42,35.42,35.42,35.42,0.0,
2014-03-09,36.18,36.18,36.18,36.18,0.0,
2014-03-16,35.42,35.42,35.42,35.42,0.0,
2014-03-23,36.12,36.12,36.12,36.12,0.0,
2014-03-30,35.21,35.21,35.21,35.21,0.0,
2014-04-06,35.56,35.56,35.56,35.56,0.0,
2014-04-13,34.47,34.47,34.47,34.47,0.0,
2014-04-20,35.34,35.34,35.34,35.34,0.0,
2014-04-27,35.12,35.12,35.12,35.12,0.0,
2014-05-04,35.22,35.22,35.22,35.22,0.0,
2014-05-11,34.71,34.71,34.71,34.71,0.0,
2014-05-18,34.49,34.49,34.49,34.49,0.0,
2014-05-25,35.13,35.13,35.13,35.13,0.0,
2014-06-01,35.44,35.44,35.44,35.44,0.0,
2014-06-08,36.5,36.5,36.5,36.5,0.0,
2014-06-15,36.25,36.25,36.25,36.25,0.0,
2014-06-22,36.85,36.85,36.85,36.85,0.0,
2014-06-29,36.8,36.8,36.8,36.8,0.0,
2014-07-06,37.55,37.55,37.55,37.55,0.0,
2014-07-13,36.13,36.13,36.13,36.13,0.0,
2014-07-20,36.02,36.02,36.02,36.02,0.0,
2014-07-27,35.79,35.79,35.79,35.79,0.0,
2014-08-03,34.72,34.72,34.72,34.72,0.0,
2014-08-10,35.28,35.28,35.28,35.28,0.0,
2014-08-17,35.73,35.73,35.73,35.73,0.0,
2014-08-24,36.54,36.54,36.54,36.54,0.0,
2014-08-31,36.87,36.87,36.87,36.87,0.0,
2014-09-07,36.74,36.74,36.74,36.74,0.0,
